Name,Input,Iterations per Second,Standard Deviation Iterations Per Second,Run Time Average,Run Time Median,Run Time Minimum,Run Time Maximum,Run Time Standard Deviation,Run Time Standard Deviation Ratio,Run Time Sample Size,Memory Usage Average,Memory Usage Median,Memory Usage Minimum,Memory Usage Maximum,Memory Usage Standard Deviation,Memory Usage Standard Deviation Ratio,Memory Usage Sample Size
MapsFilterProf.direct_filter_inlined,0000001,618238.0216383308,81858.08660742508,1617.5,1530.5,1475.0,1934.0,214.16582360404752,0.13240545508751006,4,152.0,152.0,152,152,0.0,0.0,5
:maps.filter,0000001,541491.8099363747,77100.2060410724,1846.75,1852.5,1526.0,2156.0,262.94913956885273,0.14238480550635046,4,128.0,128.0,128,128,0.0,0.0,4
MapsFilterProf.direct_filter,0000001,480019.2007680307,98572.48771567683,2083.25,1968.0,1737.0,2660.0,427.79775205892173,0.20535113503368377,4,152.0,152.0,152,152,0.0,0.0,5
MapsFilterProf.wrapped_filter,0000001,470145.7451810061,29035.325352022108,2127.0,2128.5,1967.0,2284.0,131.35955744951843,0.06175813702375103,4,208.0,208.0,208,208,0.0,0.0,5
MapsFilterProf.direct_filter_inlined,0000002,538285.5604898399,80713.78106193576,1857.75,1826.0,1619.0,2160.0,278.5622312279012,0.14994602676781116,4,264.0,264.0,264,264,0.0,0.0,5
MapsFilterProf.direct_filter,0000002,518000.518000518,51291.17860071981,1930.5,1877.0,1782.0,2186.0,191.1535159673153,0.0990176202886896,4,264.0,264.0,264,264,0.0,0.0,5
:maps.filter,0000002,455684.666210982,36197.0137337146,2194.5,2225.0,1970.0,2358.0,174.3186736984882,0.07943434663863669,4,216.0,216.0,216,216,0.0,0.0,5
MapsFilterProf.wrapped_filter,0000002,420388.8596952181,30593.436153992225,2378.75,2411.0,2152.0,2541.0,173.11147660780128,0.072774136251309,4,320.0,320.0,320,320,0.0,0.0,5
MapsFilterProf.direct_filter,0000003,498566.62096472643,57600.88556297864,2005.75,1904.5,1862.0,2352.0,231.730267049142,0.11553297621794441,4,320.0,320.0,320,320,0.0,0.0,5
MapsFilterProf.wrapped_filter,0000003,412541.25412541255,41615.382249577524,2424.0,2317.5,2275.0,2786.0,244.5226642528936,0.10087568657297591,4,376.0,376.0,376,376,0.0,0.0,5
MapsFilterProf.direct_filter_inlined,0000003,296186.5975564606,274117.6228965344,3376.25,1864.0,1715.0,8062.0,3124.6843440578123,0.9254896243044242,4,320.0,320.0,320,320,0.0,0.0,5
:maps.filter,0000003,193040.8764055789,250775.49269804504,5180.25,1848.0,1751.0,15274.0,6729.5578544705795,1.2990797460490477,4,248.0,248.0,248,248,0.0,0.0,5
MapsFilterProf.direct_filter_inlined,0000004,565131.3930488839,17984.4428066205,1769.5,1772.0,1705.0,1829.0,56.31163290120435,0.03182347154631497,4,432.0,432.0,432,432,0.0,0.0,5
MapsFilterProf.direct_filter,0000004,475680.81817100727,37528.63418517359,2102.25,2074.0,1949.0,2312.0,165.856112338376,0.07889457121578118,4,432.0,432.0,432,432,0.0,0.0,5
:maps.filter,0000004,424223.14137236186,82168.3384304847,2357.25,2383.0,1861.0,2802.0,456.57885408765924,0.19369131576526005,4,336.0,336.0,336,336,0.0,0.0,5
MapsFilterProf.wrapped_filter,0000004,175123.68109977673,210828.85661708997,5710.25,2319.0,2182.0,16021.0,6874.487053591708,1.203885478497738,4,488.0,488.0,488,488,0.0,0.0,5
:maps.filter,0000005,464414.2575177058,44000.73714037132,2153.25,2170.5,1904.0,2368.0,204.00878249068919,0.09474458724750455,4,368.0,368.0,368,368,0.0,0.0,5
MapsFilterProf.direct_filter,0000005,445732.11499888566,37038.05463106916,2243.5,2269.5,2020.0,2415.0,186.42335332963697,0.08309487556480365,4,488.0,488.0,488,488,0.0,0.0,5
MapsFilterProf.wrapped_filter,0000005,392272.2369324311,32592.5917299685,2549.25,2650.0,2232.0,2665.0,211.80867939408589,0.0830866644676222,4,544.0,544.0,544,544,0.0,0.0,5
MapsFilterProf.direct_filter_inlined,0000005,189834.36951260024,241742.23515365593,5267.75,2051.5,1643.0,15325.0,6708.151229412368,1.273437659230671,4,488.0,488.0,488,488,0.0,0.0,5
:maps.filter,0000006,486203.9625622949,58333.81450548167,2056.75,2053.0,1810.0,2311.0,246.7649016101493,0.11997807298414942,4,456.0,456.0,456,456,0.0,0.0,5
MapsFilterProf.direct_filter_inlined,0000006,482218.2037371911,35207.46611179545,2073.75,2131.0,1851.0,2182.0,151.40756255881013,0.07301148284933581,4,600.0,600.0,600,600,0.0,0.0,5
MapsFilterProf.direct_filter,0000006,426803.2437046522,40155.65806741065,2343.0,2377.5,2043.0,2574.0,220.44046815410277,0.09408470685194315,4,600.0,600.0,600,600,0.0,0.0,5
MapsFilterProf.wrapped_filter,0000006,390548.7209529389,47413.900104476204,2560.5,2424.5,2372.0,3021.0,310.8531271624377,0.12140329121751131,4,656.0,656.0,656,656,0.0,0.0,5
MapsFilterProf.direct_filter_inlined,0000007,478125.7470714798,50751.68366248119,2091.5,2061.5,1892.0,2351.0,222.0067566539361,0.10614714638007941,4,656.0,656.0,656,656,0.0,0.0,5
MapsFilterProf.direct_filter,0000007,450602.68108595244,15075.72673500287,2219.25,2211.5,2144.0,2310.0,74.24901795085688,0.03345680655665512,4,656.0,656.0,656,656,0.0,0.0,5
:maps.filter,0000007,449135.4143274197,48555.965841820165,2226.5,2192.0,2009.0,2513.0,240.70659871857828,0.1081098579468126,4,488.0,488.0,488,488,0.0,0.0,5
MapsFilterProf.wrapped_filter,0000007,162873.08115151268,173933.69327771015,6139.75,2896.0,2793.0,15974.0,6556.696697524854,1.0679093933018209,4,712.0,712.0,712,712,0.0,0.0,5
:maps.filter,0000008,462855.8204119417,35788.019049746224,2160.5,2185.0,1939.0,2333.0,167.0498927466482,0.07732001515697672,4,576.0,576.0,576,576,0.0,0.0,5
MapsFilterProf.direct_filter_inlined,0000008,439270.8104546453,61891.48057546608,2276.5,2255.0,1908.0,2688.0,320.74964276415545,0.14089595553004852,4,768.0,768.0,768,768,0.0,0.0,5
MapsFilterProf.direct_filter,0000008,434310.53203040175,36410.937440535636,2302.5,2312.5,2058.0,2527.0,193.03281240935868,0.0838361834568333,4,768.0,768.0,768,768,0.0,0.0,5
MapsFilterProf.wrapped_filter,0000008,400240.14408645185,11830.745997126847,2498.5,2497.0,2429.0,2571.0,73.85345850624284,0.02955911887382143,4,824.0,824.0,824,824,0.0,0.0,5
MapsFilterProf.direct_filter_inlined,0000009,490556.78194751043,32420.58679553414,2038.5,2003.0,1921.0,2227.0,134.7231729634265,0.06608936618269634,4,824.0,824.0,824,824,0.0,0.0,5
:maps.filter,0000009,447727.7815088426,23882.258085157566,2233.5,2235.5,2097.0,2366.0,119.13717583805092,0.05334102343319943,4,608.0,608.0,608,608,0.0,0.0,5
MapsFilterProf.direct_filter,0000009,417057.65822124906,34847.772602018,2397.75,2461.5,2116.0,2552.0,200.3469906603707,0.08355624675648866,4,824.0,824.0,824,824,0.0,0.0,5
MapsFilterProf.wrapped_filter,0000009,380011.40034201025,24203.426354514097,2631.5,2581.5,2501.0,2862.0,167.60369924318496,0.06369131645190385,4,880.0,880.0,880,880,0.0,0.0,5
:maps.filter,0000010,436490.6154517678,58864.431495315,2291.0,2311.0,1894.0,2648.0,308.96062316526144,0.13485841255576667,4,696.0,696.0,696,696,0.0,0.0,5
MapsFilterProf.wrapped_filter,0000010,381606.5636328945,11440.181186644517,2620.5,2633.0,2519.0,2697.0,78.55995587235692,0.029978994799601956,4,992.0,992.0,992,992,0.0,0.0,5
MapsFilterProf.direct_filter_inlined,0000010,182008.4633935478,219325.46694619014,5494.25,2259.0,2035.0,15424.0,6620.730290786156,1.205028946769105,4,936.0,936.0,936,936,0.0,0.0,5
MapsFilterProf.direct_filter,0000010,175154.3547751456,201528.26088882814,5709.25,2477.0,2321.0,15562.0,6568.921594650576,1.150575223479542,4,936.0,936.0,936,936,0.0,0.0,5
MapsFilterProf.direct_filter_inlined,0000020,401525.7980325236,58127.45691311151,2490.5,2494.5,2130.0,2843.0,360.5407975065605,0.14476643144210422,4,1776.0,1776.0,1776,1776,0.0,0.0,5
:maps.filter,0000020,369173.97323488694,29878.45773110616,2708.75,2766.0,2396.0,2907.0,219.2280015569787,0.08093327237913381,4,1104.0,1104.0,1104,1104,0.0,0.0,5
MapsFilterProf.wrapped_filter,0000020,214707.46108427268,126506.23675363912,4657.5,3386.0,3090.0,8768.0,2744.212030194946,0.5892027976800742,4,1832.0,1832.0,1832,1832,0.0,0.0,5
MapsFilterProf.direct_filter,0000020,171917.30777496024,190293.23894488046,5816.75,2721.0,2354.0,15471.0,6438.491923579621,1.1068881976326335,4,1776.0,1776.0,1776,1776,0.0,0.0,5
MapsFilterProf.direct_filter_inlined,0000030,372335.47426231037,31979.11795379016,2685.75,2705.0,2441.0,2892.0,230.6734705162256,0.08588791604439192,4,2616.0,2616.0,2616,2616,0.0,0.0,5
:maps.filter,0000030,334616.0281077464,22985.255383559044,2988.5,2946.0,2799.0,3263.0,205.28435563059028,0.0686914357137662,4,1624.0,1624.0,1624,1624,0.0,0.0,5
MapsFilterProf.direct_filter,0000030,320051.20819331094,27190.644811710936,3124.5,3122.5,2819.0,3434.0,265.4486767719892,0.08495716971419082,4,2616.0,2616.0,2616,2616,0.0,0.0,5
MapsFilterProf.wrapped_filter,0000030,288454.60445662367,30026.3890410314,3466.75,3482.5,3111.0,3791.0,360.8678197530688,0.10409398420799561,4,1712.0,1712.0,1712,1712,0.0,0.0,5
MapsFilterProf.direct_filter_inlined,0000040,195780.921149234,5059.425027708738,5107.75,5118.5,4966.0,5228.0,131.99589640086037,0.025842278185279306,4,2192.0,2192.0,2192,2192,0.0,0.0,5
MapsFilterProf.direct_filter,0000040,187169.52880071124,12769.898302969716,5342.75,5323.0,4991.0,5734.0,364.5164605336774,0.06822637415819145,4,2192.0,2192.0,2192,2192,0.0,0.0,5
MapsFilterProf.wrapped_filter,0000040,108269.04858573555,79443.26339399816,9236.25,5980.0,5587.0,19398.0,6777.170863765105,0.7337578415228155,4,2248.0,2248.0,2248,2248,0.0,0.0,5
:maps.filter,0000040,99031.96256591815,63836.967089242906,10097.75,8324.5,5005.0,18737.0,6509.107945794109,0.6446097344254026,4,1488.0,1488.0,1488,1488,0.0,0.0,5
MapsFilterProf.direct_filter_inlined,0000050,131384.46378715718,58610.67261468268,7611.25,5993.5,5762.0,12696.0,3395.3822931544346,0.4461004819385035,4,3736.0,3736.0,3736,3736,0.0,0.0,5
MapsFilterProf.wrapped_filter,0000050,97177.00791992615,61425.501504429136,10290.5,7141.5,6834.0,20045.0,6504.616027611981,0.632099123231328,4,3792.0,3792.0,3792,3792,0.0,0.0,5
:maps.filter,0000050,92038.65623561895,87152.72068000471,10865.0,5745.5,5672.0,26297.0,10288.223980195351,0.9469143101882513,4,2680.0,2680.0,2680,2680,0.0,0.0,5
MapsFilterProf.direct_filter,0000050,70050.08581135512,47050.38642755621,14275.5,12863.5,6160.0,25215.0,9588.393556795632,0.6716677914465786,4,3736.0,3736.0,3736,3736,0.0,0.0,5
MapsFilterProf.direct_filter_inlined,0000060,149953.1396438613,7437.815893087295,6668.75,6618.5,6386.0,7052.0,330.7762335275415,0.0496009347370259,4,3616.0,3616.0,3616,3616,0.0,0.0,5
MapsFilterProf.direct_filter,0000060,147601.47601476015,4820.709659474447,6775.0,6825.5,6489.0,6960.0,221.27358631341428,0.03266030794293938,4,3616.0,3616.0,3616,3616,0.0,0.0,5
MapsFilterProf.wrapped_filter,0000060,128164.0499839795,3532.6136185484884,7802.5,7877.0,7487.0,7969.0,215.06200656244854,0.02756321775872458,4,3672.0,3672.0,3672,3672,0.0,0.0,4
:maps.filter,0000060,60370.06852002777,68701.75522588904,16564.5,7274.0,6873.0,44837.0,18850.570362723774,1.138010224439239,4,2688.0,2688.0,2688,2688,0.0,0.0,5
MapsFilterProf.direct_filter_inlined,0000070,66640.0106624017,2087.3290118826258,15006.0,15133.5,14332.0,15425.0,470.02482203957413,0.03132245915231068,4,5408.0,5408.0,5408,5408,0.0,0.0,5
MapsFilterProf.direct_filter,0000070,65898.9439694229,1303.946121265795,15174.75,15216.5,14786.0,15480.0,300.2636341617146,0.019787056403678123,4,5408.0,5408.0,5408,5408,0.0,0.0,5
:maps.filter,0000070,60196.54170867884,3111.0004787587504,16612.25,16454.0,15759.0,17782.0,858.5330026659817,0.05168071770326005,4,3592.0,3592.0,3592,3592,0.0,0.0,5
MapsFilterProf.wrapped_filter,0000070,45922.64330734877,14725.471945090132,21775.75,20873.5,15588.0,29768.0,6982.572705194937,0.32065819570829646,4,5464.0,5464.0,5464,5464,0.0,0.0,5
MapsFilterProf.direct_filter_inlined,0000080,60777.3422068253,2455.337366553699,16453.5,16280.0,15856.0,17398.0,664.7031919084889,0.04039889336059129,4,3704.0,3704.0,3704,3704,0.0,0.0,5
MapsFilterProf.direct_filter,0000080,59887.41166606779,1568.9078074718616,16698.0,16646.5,16294.0,17205.0,437.4479016599196,0.026197622569165146,4,3704.0,3704.0,3704,3704,0.0,0.0,5
:maps.filter,0000080,57024.73447858008,1489.159459679768,17536.25,17357.5,17218.0,18212.0,457.9464124400001,0.02611427257480933,4,3640.0,3640.0,3640,3640,0.0,0.0,5
MapsFilterProf.wrapped_filter,0000080,46163.78912381128,14262.204526818474,21662.0,19512.0,16453.0,31171.0,6692.42885655126,0.3089478744599418,4,3712.0,3712.0,3712,3712,0.0,0.0,5
:maps.filter,0000090,51976.40271316822,15044.056855420888,19239.5,16679.5,16023.0,27576.0,5568.683417110367,0.28944013186987017,4,4256.0,4256.0,4256,4256,0.0,0.0,5
MapsFilterProf.wrapped_filter,0000090,46244.378417748594,14551.153455093918,21624.25,18265.0,18137.0,31830.0,6804.238501355852,0.3146577801013146,4,8328.0,8328.0,8328,8328,0.0,0.0,5
MapsFilterProf.direct_filter_inlined,0000090,43793.38281985592,13610.63164298649,22834.5,22632.5,16225.0,29848.0,7096.779199045156,0.31079196825177496,4,8272.0,8272.0,8272,8272,0.0,0.0,5
MapsFilterProf.direct_filter,0000090,41175.56230377271,13954.171461786756,24286.25,23667.5,16942.0,32868.0,8230.476469601665,0.3388944966638186,4,8272.0,8272.0,8272,8272,0.0,0.0,5
:maps.filter,0000100,47301.452154581144,14380.159204848724,21141.0,18133.5,17528.0,30769.0,6427.0954040945535,0.3040109457497069,4,4592.0,4592.0,4592,4592,0.0,0.0,5
MapsFilterProf.wrapped_filter,0000100,42949.791693510284,11757.594534351834,23283.0,20374.5,19575.0,32808.0,6373.769528308974,0.27375207354331377,4,8184.0,8184.0,8184,8184,0.0,0.0,5
MapsFilterProf.direct_filter,0000100,35310.734463276836,7862.268299704631,28320.0,31119.0,18892.0,32150.0,6305.715291173027,0.22265943824763515,4,8368.0,8368.0,8368,8368,0.0,0.0,5
MapsFilterProf.direct_filter_inlined,0000100,35048.366746109634,7403.61910911113,28532.0,31173.5,19524.0,32257.0,6027.101403936501,0.21124006042115873,4,8368.0,8368.0,8368,8368,0.0,0.0,5
:maps.filter,0000200,23450.141091682235,7961.090798836851,42643.666666666664,50966.0,25927.0,51038.0,14477.102760336176,0.3394901023286657,3,8032.0,8032.0,8032,8032,0.0,0.0,5
MapsFilterProf.direct_filter_inlined,0000200,17.484082644146493,24.709167635601496,57194879.5,57194879.5,39460.0,114350299.0,80829969.42002366,1.4132378654635274,2,17544.0,17544.0,17544,17544,0.0,0.0,5
MapsFilterProf.wrapped_filter,0000200,17.15241888127979,24.24023149503905,58300815.0,58300815.0,40743.0,116560887.0,82392183.967233,1.4132252519494453,2,12888.0,12888.0,12888,12888,0.0,0.0,5
MapsFilterProf.direct_filter,0000200,17.070090517142233,24.124445262429465,58581997.5,58581997.5,39575.0,117124420.0,82791487.87367582,1.4132581920525298,2,17544.0,17544.0,17544,17544,0.0,0.0,5
MapsFilterProf.wrapped_filter,0000300,17.654650946541754,24.935875552982512,56642298.0,56642298.0,71624.0,113212972.0,80003014.40338702,1.4124252939629502,2,18808.0,18808.0,18808,18808,0.0,0.0,5
MapsFilterProf.direct_filter_inlined,0000300,17.54717698910938,24.785765557064856,56989224.0,56989224.0,68184.0,113910264.0,80498506.75238144,1.4125215453430537,2,18752.0,18752.0,18752,18752,0.0,0.0,5
:maps.filter,0000300,17.317811171366703,24.464894129007632,57744018.0,57744018.0,61748.0,115426288.0,81575048.54246671,1.4127012869535112,2,11552.0,11552.0,11552,11552,0.0,0.0,5
MapsFilterProf.direct_filter,0000300,16.88124900579994,23.847865514808912,59237323.0,59237323.0,64081.0,118410565.0,83683601.36598524,1.412683712361297,2,18752.0,18752.0,18752,18752,0.0,0.0,5
:maps.filter,0000400,26.25015786188684,45.381799370051986,38095009.0,79451.0,62665.0,114142911.0,65859415.57130349,1.7288200554383248,3,25760.0,25760.0,25760,25760,0.0,0.0,5
MapsFilterProf.direct_filter,0000400,17.63345119296998,24.905440471166308,56710396.0,56710396.0,72829.0,113347963.0,80097615.39121485,1.412397391674268,2,31520.0,31520.0,31520,31520,0.0,0.0,5
MapsFilterProf.wrapped_filter,0000400,17.462282604622384,24.657874439872792,57266282.0,57266282.0,87011.0,114445553.0,80863700.53480661,1.4120647911943474,2,31496.0,31496.0,31496,31496,0.0,0.0,5
MapsFilterProf.direct_filter_inlined,0000400,17.42953565538322,24.611040093404636,57373875.0,57373875.0,88556.0,114659194.0,81013675.05466914,1.412030737938986,2,31520.0,31520.0,31520,31520,0.0,0.0,5
MapsFilterProf.direct_filter,0000500,14709.776117207497,2493.98796373073,67982.0,66264.0,56740.0,82660.0,11526.095869807781,0.16954628975034247,4,30656.0,30656.0,30656,30656,0.0,0.0,5
MapsFilterProf.direct_filter_inlined,0000500,14533.088208578882,2034.1696004985922,68808.5,71242.5,55120.0,77629.0,9630.999065517553,0.1399681589559074,4,30656.0,30656.0,30656,30656,0.0,0.0,5
:maps.filter,0000500,12696.195902302772,4245.154966511526,78763.75,74495.0,55879.0,110186.0,26335.7880633306,0.33436432449357223,4,18656.0,18656.0,18656,18656,0.0,0.0,5
MapsFilterProf.wrapped_filter,0000500,12609.704428528195,3253.0650519911455,79304.0,74607.5,62046.0,105955.0,20458.930845313822,0.2579810708831058,4,30712.0,30712.0,30712,30712,0.0,0.0,5
MapsFilterProf.direct_filter_inlined,0000600,14310.399725240326,817.6722137354113,69879.25,68265.0,67177.0,75810.0,3992.783020651135,0.057138321041670236,4,36560.0,36560.0,36560,36560,0.0,0.0,5
MapsFilterProf.direct_filter,0000600,14255.929575707896,1316.3248011511869,70146.25,66994.5,66738.0,79858.0,6476.971430897828,0.09233524858275144,4,36560.0,36560.0,36560,36560,0.0,0.0,5
:maps.filter,0000600,12923.98756712396,1489.6026419514608,77375.5,79505.0,64777.0,85715.0,8918.203350451255,0.11525874922231526,4,22160.0,22160.0,22160,22160,0.0,0.0,5
MapsFilterProf.wrapped_filter,0000600,10750.8096703533,1973.6480517169025,93016.25,90663.5,75080.0,115658.0,17076.04787170224,0.18358134059051232,4,54792.0,54792.0,54792,54792,0.0,0.0,5
:maps.filter,0000700,12233.276346654351,1363.893046279936,81744.25,79161.0,73941.0,94714.0,9113.700286747786,0.11149041414836867,4,2.56e4,2.56e4,25600,25600,0.0,0.0,5
MapsFilterProf.direct_filter,0000700,11477.959448369269,1262.2987966993378,87123.5,91665.0,72770.0,92394.0,9581.484383956382,0.10997588921423476,4,34464.0,34464.0,34464,34464,0.0,0.0,5
MapsFilterProf.wrapped_filter,0000700,9856.635240427975,510.717472827594,101454.5,99703.0,97582.0,108830.0,5256.822899813156,0.051814585846987136,4,34464.0,34464.0,34464,34464,0.0,0.0,5
MapsFilterProf.direct_filter_inlined,0000700,9154.135037223,2556.738062273801,109240.25,103777.5,78510.0,150896.0,30510.66037059834,0.2792987051073056,4,34464.0,34464.0,34464,34464,0.0,0.0,5
:maps.filter,0000800,9976.281390992914,1208.2274211782521,100237.75,101122.5,84743.0,113963.0,12139.793720790043,0.12110999818721034,4,29168.0,29168.0,29168,29168,0.0,0.0,5
MapsFilterProf.direct_filter,0000800,9936.08612599454,747.544566728631,100643.25,99875.5,92317.0,110505.0,7571.926587731818,0.0752353147154113,4,48368.0,48368.0,48368,48368,0.0,0.0,5
MapsFilterProf.wrapped_filter,0000800,9619.98648391899,841.356311175888,103950.25,103208.5,95471.0,113913.0,9091.405588979811,0.08745919888581134,4,48424.0,48424.0,48424,48424,0.0,0.0,5
MapsFilterProf.direct_filter_inlined,0000800,9167.24725899307,2833.8310462508334,109084.0,94199.5,88767.0,159170.0,33720.65977013696,0.3091256258492259,4,48368.0,48368.0,48368,48368,0.0,0.0,5
MapsFilterProf.direct_filter_inlined,0000900,9880.373379310004,633.6997167315468,101210.75,98602.5,96788.0,110850.0,6491.376503998722,0.06413722360518741,4,54384.0,54384.0,54384,54384,0.0,0.0,5
:maps.filter,0000900,9008.177172828635,219.14000776210705,111010.25,110644.0,108569.0,114184.0,2700.522711747981,0.024326787046673445,4,32784.0,32784.0,32784,32784,0.0,0.0,5
MapsFilterProf.direct_filter,0000900,8302.3207061954,2108.8496725741034,120448.25,108847.0,98371.0,165728.0,30594.729059921418,0.2540072525746237,4,54384.0,54384.0,54384,54384,0.0,0.0,5
MapsFilterProf.wrapped_filter,0000900,8271.230180064682,460.6330028891245,120901.0,120131.0,113502.0,129840.0,6733.096464480514,0.05569099068229803,4,54440.0,54440.0,54440,54440,0.0,0.0,5
:maps.filter,0001000,9196.332502597965,477.5867739270364,108739.0,108757.0,102902.0,114540.0,5647.067262452845,0.05193230821005201,4,3.8e4,3.8e4,38000,38000,0.0,0.0,5
MapsFilterProf.wrapped_filter,0001000,8088.618908764423,486.66998368047166,123630.5,125012.0,114596.0,129902.0,7438.507623620928,0.06016725341740855,4,60280.0,60280.0,60280,60280,0.0,0.0,5
MapsFilterProf.direct_filter_inlined,0001000,7959.232809549488,369.20826102792415,125640.25,123726.0,121301.0,133808.0,5828.126821715533,0.04638741821761365,4,59984.0,59984.0,59984,59984,0.0,0.0,5
MapsFilterProf.direct_filter,0001000,7755.244484082361,762.1738936170113,128945.0,126597.0,116333.0,146253.0,12672.522821706287,0.09827851271244552,4,59984.0,59984.0,59984,59984,0.0,0.0,5
:maps.filter,0002000,4731.090717481735,324.9234897265514,211367.75,208460.0,197894.0,230657.0,14516.387667621262,0.06867834694564928,4,104592.0,104592.0,104592,104592,0.0,0.0,5
MapsFilterProf.direct_filter,0002000,4543.404850311848,146.97886371431295,220099.25,220280.0,213061.0,226776.0,7120.197018575634,0.03234993766937249,4,152592.0,152592.0,152592,152592,0.0,0.0,5
MapsFilterProf.direct_filter_inlined,0002000,4423.164110446408,554.9033739228267,226082.5,217386.5,204692.0,264865.0,28362.94085010697,0.12545394203490748,4,152592.0,152592.0,152592,152592,0.0,0.0,5
MapsFilterProf.wrapped_filter,0002000,4206.47039275814,164.38495162683074,237729.0,240965.0,224137.0,244849.0,9290.228271325379,0.03907907016529485,4,152936.0,152936.0,152936,152936,0.0,0.0,5
:maps.filter,0003000,3095.6326041312764,178.70508519121304,323035.75,321738.5,301597.0,347069.0,18648.250165900285,0.057728131223557404,4,152144.0,152144.0,152144,152144,0.0,0.0,5
MapsFilterProf.direct_filter_inlined,0003000,2999.6452919442277,54.582889253423616,333372.75,334062.0,325536.0,339831.0,6066.199874440889,0.018196447893359276,4,217832.0,217832.0,217832,217832,0.0,0.0,5
MapsFilterProf.direct_filter,0003000,2951.0211639860327,67.59127022938148,338865.75,338017.0,331860.0,347569.0,7761.505325429253,0.022904366479732027,4,217832.0,217832.0,217832,217832,0.0,0.0,5
MapsFilterProf.wrapped_filter,0003000,2863.9139680244007,22.613779643458468,349172.5,349490.0,345927.0,351783.0,2757.1044593921356,0.007896109972555502,4,255336.0,255336.0,255336,255336,0.0,0.0,5
MapsFilterProf.direct_filter,0004000,2370.8986417121682,136.60522302424528,421781.0,411307.5,406617.0,457892.0,24301.96152576989,0.0576174875723892,4,309808.0,309808.0,309808,309808,0.0,0.0,5
:maps.filter,0004000,2349.9663954805446,142.58753101563525,425538.0,418038.0,405098.0,460978.0,25820.119338737895,0.0606764127733314,4,212496.0,212496.0,212496,212496,0.0,0.0,5
MapsFilterProf.direct_filter_inlined,0004000,2170.9386215950863,176.25382554627345,460630.25,449595.5,430272.0,513058.0,37397.57675193229,0.08118784372483633,4,309808.0,309808.0,309808,309808,0.0,0.0,5
MapsFilterProf.wrapped_filter,0004000,2133.9433566075422,113.30075873372515,468616.0,460878.5,448104.0,504603.0,24880.95487181578,0.05309454835476334,4,304248.0,304248.0,304248,304248,0.0,0.0,5
:maps.filter,0005000,1813.5588916978902,114.85189181048737,551402.0,559589.0,505960.0,580470.0,34920.04761356051,0.06332956284808636,4,252904.0,252904.0,252904,252904,0.0,0.0,5
MapsFilterProf.direct_filter,0005000,1759.4157332233112,109.52068668200883,568370.5,569599.0,525854.0,608430.0,35380.11299680467,0.0622483274497967,4,416624.0,416624.0,416624,416624,0.0,0.0,5
MapsFilterProf.direct_filter_inlined,0005000,1722.2627432373201,90.27322964378375,580631.5,592317.0,535855.0,602037.0,30434.07920407647,0.05241548073791462,4,416624.0,416624.0,416624,416624,0.0,0.0,5
MapsFilterProf.wrapped_filter,0005000,1646.101373506986,53.651345371519135,607496.0,601378.5,591753.0,635474.0,19800.103585587625,0.03259297770781639,4,402840.0,402840.0,402840,402840,0.0,0.0,5
:maps.filter,0006000,1503.6271245311502,100.20061273325011,665058.5,651615.5,631618.0,725385.0,44319.01241754679,0.06663926920345623,4,282216.0,282216.0,282216,282216,0.0,0.0,5
MapsFilterProf.direct_filter,0006000,1490.1636162396542,59.70687216485235,671067.25,670596.0,645229.0,697848.0,26887.87061576279,0.04006732650976901,4,449520.0,449520.0,449520,449520,0.0,0.0,5
MapsFilterProf.direct_filter_inlined,0006000,1457.9469773843264,63.71966719338072,685896.0,680301.5,655647.0,727334.0,29977.129159855627,0.043705064849271065,4,449520.0,449520.0,449520,449520,0.0,0.0,5
MapsFilterProf.wrapped_filter,0006000,1403.9678940621986,51.61818809317689,712267.0,704959.5,690135.0,749014.0,26187.160072575007,0.03676593197856282,4,446360.0,446360.0,446360,446360,0.0,0.0,4
:maps.filter,0007000,1302.663849873202,35.50327575976234,767657.75,766016.0,744656.0,793943.0,20922.02435035068,0.027254364787368694,4,393904.0,393904.0,393904,393904,0.0,0.0,4
MapsFilterProf.direct_filter,0007000,1261.610363624493,66.13822806474563,792637.75,788251.5,746522.0,847526.0,41552.96896231764,0.05242365628222683,4,492248.0,492248.0,492248,492248,0.0,0.0,5
MapsFilterProf.direct_filter_inlined,0007000,1228.9454756833168,50.214942370562106,813705.75,808438.0,778943.0,859004.0,33248.16938695021,0.040860187342845015,4,492248.0,492248.0,492248,492248,0.0,0.0,5
MapsFilterProf.wrapped_filter,0007000,1224.530155432674,35.423446847268245,816639.75,809650.0,796698.0,850561.0,23623.913751041902,0.028928194777491423,4,543128.0,543128.0,543128,543128,0.0,0.0,5
:maps.filter,0008000,1114.9359608657478,65.91156603272988,896912.5,912505.0,820393.0,942247.0,53022.69327058619,0.059116907469330834,4,416856.0,416856.0,416856,416856,0.0,0.0,4
MapsFilterProf.direct_filter_inlined,0008000,1110.2260142608532,47.67342540815029,900717.5,907719.5,853521.0,933910.0,38677.06935209371,0.042940288550065604,4,604344.0,604344.0,604344,604344,0.0,0.0,5
MapsFilterProf.direct_filter,0008000,1067.1860305348603,76.18196641435124,937043.75,944829.5,848917.0,1009599.0,66891.65098562998,0.07138583549127774,4,604344.0,604344.0,604344,604344,0.0,0.0,5
MapsFilterProf.wrapped_filter,0008000,1033.0642545305034,28.83728587797794,967994.0,968815.0,942068.0,992278.0,27020.893989651784,0.027914319706167378,4,5.856e5,5.856e5,585600,585600,0.0,0.0,4
MapsFilterProf.direct_filter_inlined,0009000,979.7562758288249,38.95135644099846,1020662.0,1035541.5,960829.0,1050736.0,40577.611339259485,0.03975616936778237,4,637104.0,637104.0,637104,637104,0.0,0.0,4
:maps.filter,0009000,978.7630441586076,45.73794815861474,1021697.75,1021852.0,966462.0,1076625.0,47744.302364261224,0.04673035872327332,4,488744.0,488744.0,488744,488744,0.0,0.0,4
MapsFilterProf.direct_filter,0009000,962.3004369325134,48.35242735319555,1039176.5,1041888.5,972655.0,1100274.0,52215.19630975897,0.05024670622339802,4,637104.0,637104.0,637104,637104,0.0,0.0,4
MapsFilterProf.wrapped_filter,0009000,896.0677857358553,24.63328743459726,1115987.0,1113433.5,1084703.0,1152378.0,30678.96087983859,0.027490428544273894,4,645728.0,645728.0,645728,645728,0.0,0.0,4
:maps.filter,0010000,922.6445576426801,15.53225467473446,1083841.0,1089141.0,1057722.0,1099360.0,18245.91528717227,0.016834494438918872,4,508408.0,508408.0,508408,508408,0.0,0.0,5
MapsFilterProf.direct_filter,0010000,913.5657200907718,24.9252986996617,1094612.0,1091609.0,1064217.0,1131013.0,29864.88050090496,0.027283531060234092,4,854304.0,854304.0,854304,854304,0.0,0.0,4
MapsFilterProf.direct_filter_inlined,0010000,863.8303229926365,33.31543698826055,1157634.75,1166250.5,1100395.0,1197643.0,44646.62392891539,0.03856710756904575,4,854304.0,854304.0,854304,854304,0.0,0.0,5
MapsFilterProf.wrapped_filter,0010000,828.9188225291018,29.57333881719908,1206390.75,1208293.0,1152318.0,1256659.0,43040.40567788211,0.03567700239568491,4,799768.0,799768.0,799768,799768,0.0,0.0,4
:maps.filter,0020000,453.7206110981423,11.211949846520902,2203999.5,2227852.5,2122608.0,2237685.0,54463.32225452281,0.024711131855757143,4,1057648.0,1057648.0,1057648,1057648,0.0,0.0,4
MapsFilterProf.direct_filter,0020000,451.472517118427,28.626232458858606,2214974.25,2172458.0,2097573.0,2417408.0,140443.4718985424,0.063406367770886,4,1577728.0,1577728.0,1577728,1577728,0.0,0.0,4
MapsFilterProf.direct_filter_inlined,0020000,446.9220312114704,18.927875978807666,2237526.75,2220091.0,2142520.0,2367405.0,94762.90239812553,0.042351628823264584,4,1577728.0,1577728.0,1577728,1577728,0.0,0.0,4
MapsFilterProf.wrapped_filter,0020000,409.8212431456116,17.129351889905998,2440088.25,2476704.0,2293440.0,2513505.0,101988.68647183373,0.04179713027667492,4,1708040.0,1708040.0,1708040,1708040,0.0,0.0,4
MapsFilterProf.direct_filter,0030000,299.80043034852775,7.486643184182956,3335552.25,3300247.0,3283372.0,3458343.0,83295.70937879494,0.02497208951794862,4,2574288.0,2574288.0,2574288,2574288,0.0,0.0,4
MapsFilterProf.direct_filter_inlined,0030000,293.0412805786745,4.4277823535602385,3412488.5,3407781.0,3360990.0,3473402.0,51561.869823219815,0.015109756362027247,4,2574288.0,2574288.0,2574288,2574288,0.0,0.0,4
:maps.filter,0030000,292.69857549457276,9.763172443994078,3416484.0,3371523.5,3339940.0,3582949.0,113959.29203886798,0.03335572244414667,4,1490688.0,1490688.0,1490688,1490688,0.0,0.0,4
MapsFilterProf.wrapped_filter,0030000,270.9431062150488,9.19240531029185,3690811.75,3650853.5,3588514.0,3873026.0,125219.78508306904,0.03392743752998755,4,2637288.0,2637288.0,2637288,2637288,0.0,0.0,4
MapsFilterProf.direct_filter,0040000,227.8527679212468,4.105270921534841,4388799.0,4364387.5,4323088.0,4503333.0,79073.90846965052,0.01801720891516119,4,3429344.0,3429344.0,3429344,3429344,0.0,0.0,4
:maps.filter,0040000,214.71018097706445,5.0733111935078075,4657441.0,4638161.0,4558306.0,4775856.0,110049.03191305228,0.023628647558402195,3,2199072.0,2199072.0,2199072,2199072,0.0,0.0,4
MapsFilterProf.wrapped_filter,0040000,211.11897118769676,1.8488630842368217,4736665.75,4741337.0,4683577.0,4780412.0,41481.09664554044,0.008757446447543917,4,3531064.0,3531064.0,3531064,3531064,0.0,0.0,4
MapsFilterProf.direct_filter_inlined,0040000,198.29896503804167,19.088096597006626,5042890.666666667,4836036.0,4695158.0,5597478.0,485424.54144937225,0.09625918417347647,3,3429344.0,3429344.0,3429344,3429344,0.0,0.0,4
:maps.filter,0050000,182.09430299763642,3.820423722058206,5491660.0,5498355.5,5344325.0,5625604.0,115217.59765186334,0.020980468137478166,4,2915312.0,2915312.0,2915312,2915312,0.0,0.0,4
MapsFilterProf.direct_filter,0050000,179.23738346937526,1.9405013569131608,5579193.25,5586083.0,5498970.0,5645637.0,60402.75673827589,0.010826432072105747,4,3836456.0,3836456.0,3836456,3836456,0.0,0.0,4
MapsFilterProf.direct_filter_inlined,0050000,175.7916447110227,5.87318956941517,5688552.5,5622006.5,5552030.0,5958167.0,190054.23871533797,0.03340994720807059,4,3836456.0,3836456.0,3836456,3836456,0.0,0.0,4
MapsFilterProf.wrapped_filter,0050000,165.25619130255012,5.016066445140822,6051210.5,5974546.5,5931453.0,6324296.0,183674.04998438584,0.03035327394153382,4,4059472.0,4059472.0,4059472,4059472,0.0,0.0,4
:maps.filter,0060000,153.677858858643,2.4412931676892335,6507118.25,6488895.0,6412231.0,6638452.0,103370.67059011468,0.015885783325070922,4,3452312.0,3452312.0,3452312,3452312,0.0,0.0,4
MapsFilterProf.direct_filter,0060000,145.78014408107651,3.6077483827999135,6859644.75,6825053.5,6708910.0,7079562.0,169761.61197666766,0.024747872253394414,4,4517552.0,4517552.0,4517552,4517552,0.0,0.0,4
MapsFilterProf.direct_filter_inlined,0060000,143.41482849092367,7.596893965099901,6972779.666666667,7149892.0,6548219.0,7220228.0,369358.3733778528,0.05297146776967131,3,4517552.0,4517552.0,4517552,4517552,0.0,0.0,4
MapsFilterProf.wrapped_filter,0060000,136.88843551439047,4.188507775143958,7305219.0,7216182.0,7151172.0,7637340.0,223524.84682617872,0.03059796658062937,4,4900176.0,4900176.0,4900176,4900176,0.0,0.0,4
:maps.filter,0070000,132.10572764858608,1.7298734151576824,7569694.5,7595834.0,7431312.0,7655798.0,99122.22209810808,0.013094613276415326,4,3730736.0,3730736.0,3730736,3730736,0.0,0.0,4
MapsFilterProf.direct_filter,0070000,125.76481909658288,4.98874891901868,7951349.25,7862958.5,7684063.0,8395417.0,315408.4366408895,0.039667284975677494,4,6243752.0,6243752.0,6243752,6243752,0.0,0.0,4
MapsFilterProf.direct_filter_inlined,0070000,125.32321902546828,5.919163737983908,7979367.333333333,7808333.0,7718337.0,8411432.0,376874.9489423956,0.04723118177152002,3,6243752.0,6243752.0,6243752,6243752,0.0,0.0,4
MapsFilterProf.wrapped_filter,0070000,118.08452029433039,3.14332252787154,8468510.5,8458750.0,8255390.0,8701152.0,225425.4813909318,0.026619259832166682,4,5337320.0,5337320.0,5337320,5337320,0.0,0.0,4
:maps.filter,0080000,114.11757345298865,1.2682921572332528,8762892.25,8776578.5,8632461.0,8865951.0,97389.97403352155,0.011113907515355053,4,4515224.0,4515224.0,4515224,4515224,0.0,0.0,4
MapsFilterProf.direct_filter_inlined,0080000,110.65714223430122,1.733250172811618,9036922.333333334,9031911.0,8897947.0,9180909.0,141547.54839746727,0.015663247195935173,3,6709904.0,6709904.0,6709904,6709904,0.0,0.0,4
MapsFilterProf.direct_filter,0080000,107.82003628359861,4.7024801204113835,9274714.0,9204558.0,8909872.0,9709712.0,404508.8437253257,0.04361415820750114,3,6709904.0,6709904.0,6709904,6709904,0.0,0.0,4
MapsFilterProf.wrapped_filter,0080000,102.3364398469306,2.2878682364959086,9771690.333333334,9678156.0,9615571.0,10021344.0,218459.23078765368,0.02235633993050745,3,7071432.0,7071432.0,7071432,7071432,0.0,0.0,4
:maps.filter,0090000,99.75356380828981,3.6787273482877136,10024704.5,9889299.0,9749818.0,10570402.0,369692.6023969103,0.03687815460265291,4,5403592.0,5403592.0,5403592,5403592,0.0,0.0,4
MapsFilterProf.direct_filter_inlined,0090000,97.6429067408041,2.009126481004315,10241399.333333334,10165077.0,10079465.0,10479656.0,210729.7630718863,0.020576266603139937,3,6825648.0,6825648.0,6825648,6825648,0.0,0.0,4
MapsFilterProf.direct_filter,0090000,92.13510199970025,1.2611176767887182,10853626.666666666,10794810.0,10743479.0,11022591.0,148561.19057254939,0.013687700446598746,3,6825648.0,6825648.0,6825648,6825648,0.0,0.0,4
MapsFilterProf.wrapped_filter,0090000,88.68547200714025,4.058041173611307,11275804.0,11085878.0,10881732.0,11859802.0,515954.5961923394,0.04575767689757106,3,6837432.0,6837432.0,6837432,6837432,0.0,0.0,4
:maps.filter,0100000,91.82831741045614,1.6128236151559674,10889887.0,10837825.0,10730044.0,11101792.0,191264.17008681997,0.017563466919979974,3,6592552.0,6592552.0,6592552,6592552,0.0,0.0,4
MapsFilterProf.direct_filter_inlined,0100000,88.81366765965528,1.3797221543083469,11259528.25,11182397.5,11154060.0,11519258.0,174917.0030126193,0.015535020573585691,4,8095312.0,8095312.0,8095312,8095312,0.0,0.0,3
MapsFilterProf.direct_filter,0100000,88.65290405193713,2.3931006879654975,11279946.333333334,11179109.0,11038665.0,11622065.0,304491.4052076566,0.02699404733051389,3,8095312.0,8095312.0,8095312,8095312,0.0,0.0,3
MapsFilterProf.wrapped_filter,0100000,81.09399913597048,1.2072229646308472,12331368.666666666,12419647.0,12120333.0,12454126.0,183573.52699758572,0.014886711439729269,3,8098688.0,8098688.0,8098688,8098688,0.0,0.0,3
:maps.filter,0200000,44.689138997448325,0.29922749133065285,22376801.666666668,22448508.0,22204594.0,22477303.0,149829.56434006384,0.006695754226720239,3,10444912.0,10444912.0,10444912,10444912,0.0,0.0,3
MapsFilterProf.direct_filter,0200000,43.55979343945951,1.0640728641449009,22956950.0,22729977.0,22545225.0,23595648.0,560789.3336886857,0.02442786753853128,3,17485840.0,17485840.0,17485840,17485840,0.0,0.0,3
MapsFilterProf.direct_filter_inlined,0200000,40.76128770070943,0.2934577736716753,24533081.666666668,24615835.0,24330274.0,24653136.0,176624.0453458513,0.007199423527205393,3,17485840.0,17485840.0,17485840,17485840,0.0,0.0,3
MapsFilterProf.wrapped_filter,0200000,40.56068440151947,0.34713567904357745,24654416.333333332,24639964.0,24451011.0,24872274.0,211003.0361069085,0.008558427555294732,3,17369144.0,17369144.0,17369144,17369144,0.0,0.0,3
:maps.filter,0300000,27.890233264242404,0.9968895412311976,35854845.333333336,35134857.0,35095180.0,37334499.0,1281571.2216035181,0.035743320315262214,3,16717184.0,16717184.0,16717184,16717184,0.0,0.0,2
MapsFilterProf.direct_filter,0300000,24.687550452609617,2.768149107980296,40506246.333333336,43008480.0,35263565.0,43246694.0,4541857.2357143,0.11212732965524681,3,26006672.0,26006672.0,26006672,26006672,0.0,0.0,2
MapsFilterProf.direct_filter_inlined,0300000,22.238801248553017,0.5824881113620541,44966452.5,44966452.5,44133636.0,45799269.0,1177780.3892680928,0.026192423991376522,2,26006672.0,26006672.0,26006672,26006672,0.0,0.0,2
MapsFilterProf.wrapped_filter,0300000,21.771661082816177,0.08515856944981517,45931268.0,45931268.0,45804231.0,46058305.0,179657.44832319088,0.003911441075896073,2,24673608.0,24673608.0,24673608,24673608,0.0,0.0,2
:maps.filter,0400000,17.84608545446328,1.3854369661539634,56034697.5,56034697.5,52958701.0,59110694.0,4350115.968112172,0.07763254130375508,2,21914576.0,21914576.0,21914576,21914576,0.0,0.0,2
MapsFilterProf.direct_filter,0400000,17.099858815015693,0.02291539695195742,58480015.0,58480015.0,5.84246e7,58535430.0,78368.64455890506,0.0013400927574814243,2,31865208.0,31865208.0,31865208,31865208,0.0,0.0,2
MapsFilterProf.direct_filter_inlined,0400000,17.002240886847765,0.5007971181545446,58815776.5,58815776.5,57590781.0,60040772.0,1732405.2499460108,0.029454771373221788,2,31865208.0,31865208.0,31865208,31865208,0.0,0.0,2
MapsFilterProf.wrapped_filter,0400000,16.279172837321045,0.1113091836047686,61428182.5,61428182.5,61131186.0,61725179.0,420016.47827734094,0.006837520844399734,2,31899720.0,31899720.0,31899720,31899720,0.0,0.0,2
:maps.filter,0500000,14.69417995124618,0.3016799075072765,68054155.0,68054155.0,67066192.0,69042118.0,1397190.67372281,0.02053057118588586,2,29914288.0,29914288.0,29914288,29914288,0.0,0.0,2
MapsFilterProf.direct_filter,0500000,7.680285534583491,4.822128298546234,130203492.5,130203492.5,72398010.0,188008975.0,81749297.33102061,0.6278579457538024,2,41421560.0,41421560.0,41421560,41421560,0.0,0.0,2
MapsFilterProf.direct_filter_inlined,0500000,5.142423745260948,0.0,194460832.0,194460832.0,194460832.0,194460832.0,0,0.0,1,41421560.0,41421560.0,41421560,41421560,0.0,0.0,2
MapsFilterProf.wrapped_filter,0500000,4.897108613873015,0.0,204202128.0,204202128.0,204202128.0,204202128.0,0,0.0,1,39425576.0,39425576.0,39425576,39425576,0.0,0.0,2
MapsFilterProf.direct_filter,0600000,11.510184622843392,0.2346813814302884,86879579.5,86879579.5,85627018.0,88132141.0,1771389.4610063876,0.020389019735142566,2,49501416.0,49501416.0,49501416,49501416,0.0,0.0,2
MapsFilterProf.direct_filter_inlined,0600000,11.182809507890795,0.20040292839192425,89422966.5,89422966.5,88289817.0,90556116.0,1602515.3910962914,0.01792062435209294,2,49501416.0,49501416.0,49501416,49501416,0.0,0.0,2
MapsFilterProf.wrapped_filter,0600000,10.752084378917539,0.15520587361532157,93005222.5,93005222.5,92055913.0,93954532.0,1342526.3697896216,0.01443495680889986,2,47298912.0,47298912.0,47298912,47298912,0.0,0.0,2
:maps.filter,0600000,4.697035635521627,0.0,212900237.0,212900237.0,212900237.0,212900237.0,0,0.0,1,36592248.0,36592248.0,36592248,36592248,0.0,0.0,2
:maps.filter,0700000,10.247284550291539,0.26424188624069656,97586828.5,97586828.5,95807447.0,99366210.0,2516425.4499357813,0.025786527635087365,2,42791080.0,42791080.0,42791080,42791080,0.0,0.0,2
MapsFilterProf.direct_filter,0700000,4.452998833323211,0.0,224567766.0,224567766.0,224567766.0,224567766.0,0,0.0,1,5.97602e7,5.97602e7,59760200,59760200,0.0,0.0,2
MapsFilterProf.wrapped_filter,0700000,4.355765055852189,0.0,229580794.0,229580794.0,229580794.0,229580794.0,0,0.0,1,59770504.0,59770504.0,59770504,59770504,0.0,0.0,2
MapsFilterProf.direct_filter_inlined,0700000,4.298510269164675,0.0,232638737.0,232638737.0,232638737.0,232638737.0,0,0.0,1,5.97602e7,5.97602e7,59760200,59760200,0.0,0.0,2
:maps.filter,0800000,9.021734327832188,0.269216347236729,110843432.5,110843432.5,108504561.0,113182304.0,3307663.7959479042,0.02984086401283093,2,43524528.0,43524528.0,43524528,43524528,0.0,0.0,2
MapsFilterProf.direct_filter,0800000,3.1940657222972706,0.0,313080596.0,313080596.0,313080596.0,313080596.0,0,0.0,1,61266224.0,61266224.0,61266224,61266224,0.0,0.0,2
MapsFilterProf.direct_filter_inlined,0800000,3.1671266643662346,0.0,315743608.0,315743608.0,315743608.0,315743608.0,0,0.0,1,61266224.0,61266224.0,61266224,61266224,0.0,0.0,2
MapsFilterProf.wrapped_filter,0800000,3.031712197693538,0.0,329846613.0,329846613.0,329846613.0,329846613.0,0,0.0,1,62293136.0,62293136.0,62293136,62293136,0,0.0,1
MapsFilterProf.direct_filter_inlined,0900000,3.7945073754428007,0.0,263538821.0,263538821.0,263538821.0,263538821.0,0,0.0,1,70168088.0,70168088.0,70168088,70168088,0,0.0,1
:maps.filter,0900000,3.765280473012606,0.0,265584465.0,265584465.0,265584465.0,265584465.0,0,0.0,1,50993984.0,50993984.0,50993984,50993984,0.0,0.0,2
MapsFilterProf.wrapped_filter,0900000,3.586935984581197,0.0,278789475.0,278789475.0,278789475.0,278789475.0,0,0.0,1,73134864.0,73134864.0,73134864,73134864,0,0.0,1
MapsFilterProf.direct_filter,0900000,3.551368110583807,0.0,281581624.0,281581624.0,281581624.0,281581624.0,0,0.0,1,70168088.0,70168088.0,70168088,70168088,0,0.0,1
MapsFilterProf.direct_filter_inlined,1000000,3.6052533935402957,0.0,277373014.0,277373014.0,277373014.0,277373014.0,0,0.0,1,78480648.0,78480648.0,78480648,78480648,0,0.0,1
MapsFilterProf.wrapped_filter,1000000,3.5439906666028844,0.0,282167786.0,282167786.0,282167786.0,282167786.0,0,0.0,1,8.03186e7,8.03186e7,80318600,80318600,0,0.0,1
MapsFilterProf.direct_filter,1000000,3.408434018644666,0.0,293389866.0,293389866.0,293389866.0,293389866.0,0,0.0,1,78480648.0,78480648.0,78480648,78480648,0,0.0,1
:maps.filter,1000000,3.3837821069276974,0.0,295527303.0,295527303.0,295527303.0,295527303.0,0,0.0,1,5.50808e7,5.50808e7,55080800,55080800,0,0.0,1
